record_id,true_label,predicted_label,prob_class1
254,1,1,0.9999488742266895
88,0,0,0.2995850393664941
122,0,0,0.059920096509049225
8,0,1,0.9969797953482004
197,0,1,0.6470449397044358
288,0,1,0.8210987077322791
130,1,1,0.7445844020333602
173,0,0,0.046316604340055204
178,1,1,0.9656606445181843
6,0,1,0.5169756039187584
52,1,1,0.6905567973861096
54,1,1,0.9564950009700653
238,1,0,0.45390714852178826
184,1,1,0.893287668435652
105,1,1,0.8913751326648728
263,1,1,0.6099255786416637
236,1,1,0.9975844129010106
117,1,1,0.6512490557233234
216,1,0,0.3767410750780322
69,1,1,0.750419713454235
298,1,1,0.9404595432977301
137,0,0,0.18815598212165488
23,1,1,0.8461879484465991
34,0,0,0.15324336082412646
106,1,1,0.8596708035575912
190,0,1,0.516701010740211
169,0,0,0.03437937932472816
176,1,1,0.7220058501740036
299,0,0,0.09357372021911586
26,1,1,0.7350610384185413
63,0,0,0.09502621284205315
7,1,1,0.9918922120943082
244,1,1,0.6829833293529739
268,0,0,0.15701075706745632
199,0,0,0.06492524240555689
90,1,1,0.937448406457276
217,0,0,0.3804162531061171
65,1,1,0.967541193726414
153,1,1,0.7734025951829214
271,1,1,0.8643105765927869
46,0,0,0.0163655200090249
181,1,1,0.5645724498852416
76,1,1,0.6664094048563148
68,1,0,0.30226063321883145
119,0,0,0.0037341627017159025
49,0,0,0.08957967444830818
253,1,1,0.7174038651527435
235,0,0,0.08590596885764439
1,1,1,0.9512400052883968
243,0,0,0.47791272490867703
232,0,1,0.5126462682856836
56,1,1,0.9534091185053598
79,1,0,0.19297988231649707
229,0,0,0.08609886417592723
157,1,0,0.1790832531322391
252,1,1,0.6138106365755097
234,1,1,0.9771750611688366
266,0,0,0.05680970926666652
47,0,0,0.21606437187135114
165,1,1,0.6877339611062003
